unit,M_i,psi_i,m_i,sum_y
14,65,0.0805452,4,7
23,25,0.0309789,4,5
9,48,0.0594796,4,1
14,65,0.0805452,4,3
16,2,0.0024783,2,2
6,62,0.0768278,4,9
14,65,0.0805452,4,4
19,62,0.0768278,4,5
21,61,0.0755886,4,8
11,41,0.0508055,4,22
